UP-SKILL ASSESSMENT,
,
Assessment,Description
Current Skills,Evaluate current skills related to AI and technology.
Future Needs,Identify skills required for future roles and responsibilities.
,
Immediate Plans,Description
Quick Wins,Identify short-term training and development opportunities for immediate skill enhancement.
,
Short-Term Development Plans (1-6 months),Description
Training Programs,Outline specific training programs and resources.
Mentorship,Pair employees with mentors for hands-on learning.
,
Long-Term Development Plans (6+ months),Description
Ongoing Training,Develop a comprehensive plan for continuous skill development.
Career Progression,Align training with career progression and organizational goals.